"Date ","series ","OPEN ","HIGH ","LOW ","PREV. CLOSE ","ltp ","close ","vwap ","52W H ","52W L ","VOLUME ","VALUE ","No of trades "
"06-Nov-2024","EQ","167.86","171.00","164.76","163.84","167.25","168.02","168.41","289.25","107.35","1,70,37,292","2,86,93,21,616.16","1,55,269"
"05-Nov-2024","EQ","146.10","167.90","145.10","147.58","165.70","163.84","160.26","289.25","107.35","3,03,78,727","4,86,85,82,760.67","2,54,776"
"04-Nov-2024","EQ","152.00","152.22","145.13","151.50","147.48","147.58","147.16","289.25","107.35","14,77,870","21,74,89,862.37","24,906"
"01-Nov-2024","EQ","148.61","151.99","148.61","147.76","151.99","151.50","151.01","289.25","100.05","4,71,013","7,11,29,392.61","8,548"
"31-Oct-2024","EQ","148.66","149.73","146.22","148.70","147.99","147.76","147.81","289.25","100.05","11,21,987","16,58,40,095.74","19,679"
"30-Oct-2024","EQ","146.39","150.48","143.75","146.58","148.66","148.70","147.46","289.25","100.05","19,14,610","28,23,25,747.29","29,121"
"29-Oct-2024","EQ","144.91","149.75","143.02","144.06","146.45","146.58","146.02","289.25","100.05","21,38,443","31,22,53,000.65","35,310"
"28-Oct-2024","EQ","145.95","148.40","142.66","144.84","145.40","144.06","145.19","289.25","100.05","25,25,796","36,67,08,284.19","42,106"
"25-Oct-2024","EQ","155.00","155.00","143.20","155.35","144.97","144.84","146.88","289.25","92.50","26,39,413","38,76,77,613.72","43,493"
"24-Oct-2024","EQ","155.90","156.73","149.47","154.62","155.25","155.35","153.69","289.25","92.50","23,75,770","36,51,41,172.63","46,310"
"23-Oct-2024","EQ","147.14","157.11","141.37","147.14","156.99","154.62","149.21","289.25","92.50","46,03,722","68,69,39,706.86","65,508"
"22-Oct-2024","EQ","158.36","158.92","146.35","158.25","147.45","147.14","150.80","289.25","92.50","39,71,959","59,89,73,023.55","62,193"
"21-Oct-2024","EQ","159.47","161.80","156.51","165.53","157.60","158.25","158.96","289.25","92.50","38,72,796","61,56,16,081.03","50,811"
"18-Oct-2024","EQ","167.91","168.77","164.57","168.78","165.56","165.53","165.82","289.25","92.50","12,92,952","21,44,02,570.52","29,385"
"17-Oct-2024","EQ","169.96","176.65","167.72","169.96","169.40","168.78","171.73","289.25","92.50","39,27,867","67,45,38,943.40","56,813"
"16-Oct-2024","EQ","169.88","172.77","168.80","169.88","170.00","169.96","170.57","289.25","92.50","12,10,555","20,64,89,579.49","18,192"
"15-Oct-2024","EQ","173.10","175.39","169.35","172.48","169.51","169.88","171.85","289.25","92.50","12,06,470","20,73,32,739.60","25,085"
"14-Oct-2024","EQ","175.00","175.36","171.61","174.73","173.00","172.48","172.88","289.25","92.50","8,00,826","13,84,50,439.42","21,169"
"11-Oct-2024","EQ","175.78","179.60","174.00","175.70","174.38","174.73","175.81","289.25","90.50","11,21,622","19,71,94,831.00","16,890"
"10-Oct-2024","EQ","178.00","178.20","175.20","177.19","176.00","175.70","176.57","289.25","90.50","5,81,679","10,27,09,086.99","11,833"
"09-Oct-2024","EQ","175.89","179.26","175.88","175.12","177.25","177.19","177.46","289.25","90.50","7,11,934","12,63,37,332.01","12,519"
"08-Oct-2024","EQ","172.18","176.20","168.50","172.17","175.89","175.12","172.84","289.25","90.50","11,75,310","20,31,40,328.15","22,625"
"07-Oct-2024","EQ","179.95","180.99","167.77","179.39","173.26","172.17","172.73","289.25","90.50","20,88,634","36,07,59,800.22","46,626"
"04-Oct-2024","EQ","177.70","180.92","174.31","177.80","179.55","179.39","178.48","289.25","90.50","19,08,907","34,06,92,991.33","41,799"
"03-Oct-2024","EQ","180.00","180.60","176.50","180.90","177.70","177.80","178.52","289.25","90.50","11,52,169","20,56,81,322.55","22,767"
"01-Oct-2024","EQ","183.05","186.45","180.15","182.18","181.00","180.90","183.29","289.25","90.50","21,25,412","38,95,71,850.12","39,290"
"30-Sep-2024","EQ","180.99","183.65","178.33","179.76","181.90","182.18","181.27","289.25","90.50","17,90,903","32,46,29,220.26","24,938"
"27-Sep-2024","EQ","179.00","185.90","178.55","177.79","179.80","179.76","181.16","289.25","90.50","49,71,714","90,06,55,922.28","62,053"
"26-Sep-2024","EQ","179.00","179.00","174.60","177.88","178.55","177.79","177.07","289.25","90.50","14,62,081","25,88,84,583.24","24,515"
"25-Sep-2024","EQ","181.35","182.73","176.82","181.33","179.00","177.88","179.00","289.25","90.50","15,33,669","27,45,31,987.14","31,527"
"24-Sep-2024","EQ","184.90","185.45","180.50","184.11","181.00","181.33","182.71","289.25","90.50","13,68,166","24,99,80,197.55","23,348"
"23-Sep-2024","EQ","183.49","187.75","182.90","181.75","184.05","184.11","184.83","289.25","90.50","17,46,805","32,28,57,838.35","36,000"
"20-Sep-2024","EQ","185.78","186.34","180.36","183.99","182.15","181.75","182.14","289.25","90.50","17,71,823","32,27,20,311.88","27,955"
"19-Sep-2024","EQ","190.50","190.90","182.00","190.43","184.50","183.99","184.90","289.25","90.50","18,49,584","34,19,95,273.86","39,555"
"18-Sep-2024","EQ","189.34","195.86","187.25","186.89","189.39","190.43","192.60","289.25","90.50","61,71,306","1,18,86,10,711.41","63,497"
"17-Sep-2024","EQ","190.00","191.20","186.40","189.49","187.40","186.89","187.79","289.25","90.50","8,97,883","16,86,10,618.54","17,193"
"16-Sep-2024","EQ","192.00","192.63","188.60","190.98","190.10","189.49","190.09","289.25","90.50","6,67,464","12,68,79,615.40","12,919"
"13-Sep-2024","EQ","189.70","193.60","188.08","188.91","191.80","190.98","191.06","289.25","85.40","12,95,825","24,75,80,629.07","20,411"
"12-Sep-2024","EQ","189.01","189.70","185.06","187.17","188.92","188.91","187.39","289.25","85.40","13,36,309","25,04,06,736.44","23,435"
"11-Sep-2024","EQ","195.00","195.75","186.01","194.68","186.60","187.17","189.97","289.25","85.40","16,13,314","30,64,75,424.85","30,120"
"10-Sep-2024","EQ","190.00","195.65","190.00","189.76","194.00","194.68","193.01","289.25","85.40","17,05,369","32,91,46,944.94","24,366"
"09-Sep-2024","EQ","197.00","197.00","189.00","197.21","189.50","189.76","191.40","289.25","85.40","18,99,406","36,35,37,237.83","39,151"
"06-Sep-2024","EQ","202.00","202.89","196.15","201.91","197.15","197.21","198.61","289.25","85.40","16,44,223","32,65,65,205.52","24,575"
"05-Sep-2024","EQ","201.00","205.80","200.90","201.68","202.15","201.91","202.85","289.25","85.40","15,93,908","32,33,21,199.01","18,423"
"04-Sep-2024","EQ","203.32","205.25","201.20","203.70","201.45","201.68","203.01","289.25","85.40","13,24,493","26,88,86,531.73","13,316"
"03-Sep-2024","EQ","205.00","205.53","202.80","203.60","204.50","203.70","203.84","289.25","85.40","11,28,778","23,00,91,443.32","14,360"
"02-Sep-2024","EQ","210.00","210.35","202.40","207.37","204.50","203.60","205.16","289.25","85.40","29,20,633","59,92,00,804.25","44,399"
"30-Aug-2024","EQ","210.20","211.79","207.00","210.20","207.20","207.37","208.70","289.25","85.40","11,36,482","23,71,88,531.62","18,756"
"29-Aug-2024","EQ","209.00","211.00","206.66","208.45","210.12","210.20","209.08","289.25","85.40","18,77,341","39,25,06,722.57","23,103"
"28-Aug-2024","EQ","207.75","211.04","204.00","207.19","209.00","208.45","208.62","289.25","85.40","24,55,446","51,22,55,548.82","28,363"
"27-Aug-2024","EQ","212.00","212.79","206.05","211.40","207.25","207.19","208.80","289.25","85.40","16,32,017","34,07,65,789.70","22,734"
"26-Aug-2024","EQ","215.00","215.50","210.50","213.75","211.00","211.40","212.01","289.25","85.40","13,25,276","28,09,75,330.17","18,488"
"23-Aug-2024","EQ","213.01","219.99","212.75","212.71","214.00","213.75","216.63","289.25","85.40","56,00,916","1,21,33,11,263.00","48,443"
"22-Aug-2024","EQ","212.85","215.35","212.00","213.24","213.15","212.71","213.16","289.25","85.40","13,24,750","28,23,83,612.91","19,681"
"21-Aug-2024","EQ","213.00","214.99","211.00","212.22","211.85","213.24","213.40","289.25","85.40","16,14,082","34,44,45,713.45","18,442"
"20-Aug-2024","EQ","214.04","214.20","210.40","211.54","212.22","212.22","212.18","289.25","85.40","20,42,065","43,32,86,769.75","26,401"
"19-Aug-2024","EQ","205.80","216.00","205.80","203.67","211.45","211.54","212.00","289.25","85.40","60,48,514","1,28,22,98,891.93","56,986"
"16-Aug-2024","EQ","206.00","207.84","202.15","203.85","204.10","203.67","204.59","289.25","83.05","13,79,563","28,22,42,038.98","18,874"
"14-Aug-2024","EQ","204.30","208.00","200.74","204.04","203.89","203.85","204.78","289.25","83.05","32,37,291","66,29,31,722.41","52,638"
"13-Aug-2024","EQ","208.00","208.00","202.81","207.14","204.60","204.04","205.76","289.25","83.05","23,79,482","48,96,03,849.99","28,537"
"12-Aug-2024","EQ","201.01","210.95","198.50","204.96","206.30","207.14","205.10","289.25","83.05","42,69,388","87,56,41,665.50","46,373"
"09-Aug-2024","EQ","202.99","208.70","202.68","202.10","205.20","204.96","205.47","289.25","81.55","31,18,191","64,06,83,569.38","44,808"
"08-Aug-2024","EQ","204.25","205.70","201.15","203.84","202.09","202.10","203.58","289.25","81.55","16,29,434","33,17,24,952.22","24,117"
"07-Aug-2024","EQ","204.85","206.30","200.80","198.89","203.90","203.84","203.69","289.25","81.55","26,60,210","54,18,48,040.28","40,257"
"06-Aug-2024","EQ","210.00","214.59","197.88","208.93","200.50","198.89","203.97","289.25","81.55","61,45,635","1,25,35,13,089.87","86,595"
"05-Aug-2024","EQ","212.00","213.90","203.16","217.97","207.75","208.93","208.03","289.25","81.55","36,68,179","76,31,07,124.35","59,395"
"02-Aug-2024","EQ","218.40","219.71","213.20","221.25","219.00","217.97","216.75","289.25","80.25","30,43,392","65,96,61,029.24","36,197"
"01-Aug-2024","EQ","221.85","223.38","217.75","220.50","221.50","221.25","220.96","289.25","80.25","38,57,246","85,23,09,852.92","42,683"
"31-Jul-2024","EQ","219.73","222.15","217.22","218.96","220.50","220.50","220.41","289.25","80.25","33,62,677","74,11,75,277.31","32,505"
"30-Jul-2024","EQ","220.00","224.40","218.00","220.17","218.82","218.96","221.36","289.25","80.25","50,80,158","1,12,45,68,929.13","56,538"
"29-Jul-2024","EQ","216.01","221.65","214.00","214.88","220.00","220.17","217.92","289.25","80.25","48,77,109","1,06,28,29,835.91","47,254"
"26-Jul-2024","EQ","217.00","218.40","213.62","216.58","215.79","214.88","215.46","289.25","80.25","32,23,891","69,46,27,002.61","32,398"
"25-Jul-2024","EQ","215.99","224.90","211.61","217.78","216.29","216.58","218.69","289.25","80.25","86,99,987","1,90,25,65,883.21","76,181"
"24-Jul-2024","EQ","203.59","220.00","203.29","203.38","216.20","217.78","213.14","289.25","80.25","1,00,65,855","2,14,54,68,974.98","92,312"
"23-Jul-2024","EQ","200.00","211.35","198.50","214.72","203.58","203.38","205.98","289.25","80.25","1,30,20,058","2,68,18,39,912.58","1,27,021"
"22-Jul-2024","EQ","215.00","221.85","211.36","216.11","215.00","214.72","217.15","289.25","80.25","43,28,726","93,99,93,012.15","59,854"
"19-Jul-2024","EQ","229.74","229.92","214.00","229.13","216.17","216.11","219.04","289.25","80.25","81,67,913","1,78,90,92,435.19","94,265"
"18-Jul-2024","EQ","239.50","241.20","228.11","238.61","229.95","229.13","232.74","289.25","80.25","83,08,978","1,93,38,05,546.06","80,435"
"16-Jul-2024","EQ","241.50","253.56","237.00","240.96","238.35","238.61","246.80","289.25","80.25","3,23,91,179","7,99,41,75,086.97","2,20,107"
"15-Jul-2024","EQ","242.61","248.00","235.21","240.21","241.40","240.96","241.86","289.25","80.25","1,07,08,332","2,58,98,80,168.17","1,00,900"
"12-Jul-2024","EQ","243.80","244.84","238.70","241.91","240.75","240.21","241.38","289.25","80.25","63,74,593","1,53,86,93,609.25","63,340"
"11-Jul-2024","EQ","231.60","248.80","229.00","229.78","242.00","241.91","241.85","289.25","80.25","3,03,64,383","7,34,35,04,868.65","2,15,921"
"10-Jul-2024","EQ","236.50","238.90","224.20","232.82","230.94","229.78","231.00","289.25","80.25","1,13,72,488","2,62,70,35,495.74","1,14,531"
"09-Jul-2024","EQ","219.50","244.53","219.50","218.88","234.50","232.82","236.59","289.25","80.25","5,53,20,068","13,08,81,61,380.56","4,52,862"
"08-Jul-2024","EQ","218.60","224.35","217.80","217.96","219.00","218.88","220.67","289.25","80.25","37,29,938","82,30,68,215.12","46,762"
"05-Jul-2024","EQ","217.29","220.95","216.00","217.29","217.95","217.96","218.86","289.25","76.80","23,02,889","50,40,04,749.77","27,328"
"04-Jul-2024","EQ","220.80","221.80","217.00","219.01","217.75","217.29","218.93","289.25","76.80","17,71,402","38,78,14,873.15","21,446"
"03-Jul-2024","EQ","215.60","220.99","213.57","214.39","218.70","219.01","217.88","289.25","76.80","31,01,661","67,57,93,560.08","34,850"
"02-Jul-2024","EQ","215.92","219.98","213.98","215.92","214.40","214.39","216.71","289.25","76.80","19,10,355","41,39,87,091.37","28,532"
"01-Jul-2024","EQ","214.90","217.00","213.20","214.33","216.39","215.92","215.54","289.25","76.80","14,91,018","32,13,70,689.16","25,833"
"28-Jun-2024","EQ","215.65","219.80","213.25","214.05","214.67","214.33","216.36","289.25","75.75","20,24,591","43,80,40,341.66","27,519"
"27-Jun-2024","EQ","218.20","219.40","212.10","218.57","214.30","214.05","215.64","289.25","75.75","19,35,897","41,74,57,183.70","34,934"
"26-Jun-2024","EQ","216.50","219.80","213.59","215.95","218.59","218.57","217.38","289.25","75.75","34,42,543","74,83,25,964.00","42,470"
"25-Jun-2024","EQ","224.36","224.70","215.35","224.36","216.41","215.95","218.78","289.25","75.75","41,64,226","91,10,32,600.89","48,973"
"24-Jun-2024","EQ","210.70","230.00","208.81","212.66","223.58","224.36","223.88","289.25","75.75","2,03,26,064","4,55,06,27,766.00","1,47,382"
"21-Jun-2024","EQ","213.15","217.88","211.37","212.64","212.51","212.66","213.90","289.25","72.45","25,07,593","53,63,64,574.56","28,111"
"20-Jun-2024","EQ","214.66","215.94","212.00","214.57","213.00","212.64","214.11","289.25","72.45","14,11,542","30,22,19,725.65","16,626"
"19-Jun-2024","EQ","215.80","219.80","208.36","214.80","214.75","214.57","214.87","289.25","72.45","35,53,040","76,34,24,974.73","40,396"
"18-Jun-2024","EQ","216.30","220.30","214.00","215.12","214.79","214.80","216.89","289.25","72.45","21,70,953","47,08,59,591.24","23,730"
"14-Jun-2024","EQ","217.80","220.30","214.35","217.31","215.00","215.12","217.46","289.25","64.10","31,80,985","69,17,22,006.31","32,819"
"13-Jun-2024","EQ","215.00","218.50","212.62","213.61","217.10","217.31","215.98","289.25","64.10","36,44,046","78,70,57,948.98","36,600"
"12-Jun-2024","EQ","214.40","218.50","212.91","213.19","214.20","213.61","215.65","289.25","64.10","32,86,243","70,86,81,381.60","28,734"
"11-Jun-2024","EQ","207.00","215.90","205.02","205.41","212.71","213.19","211.89","289.25","64.10","66,99,297","1,41,95,13,365.83","58,014"
"10-Jun-2024","EQ","207.29","209.24","204.50","205.40","205.05","205.41","207.04","289.25","64.10","16,12,353","33,38,17,306.76","22,152"
"07-Jun-2024","EQ","204.50","208.20","202.15","201.75","205.55","205.40","205.42","289.25","64.10","22,12,723","45,45,33,543.50","31,750"
"06-Jun-2024","EQ","201.05","209.25","200.50","199.00","201.80","201.75","204.25","289.25","64.10","32,89,031","67,17,96,394.30","37,390"
"05-Jun-2024","EQ","200.00","203.70","187.40","198.95","199.00","199.00","195.86","289.25","64.10","31,86,574","62,41,11,829.15","44,576"
"04-Jun-2024","EQ","214.00","214.00","170.10","212.60","199.00","198.95","196.70","289.25","64.10","70,35,629","1,38,39,24,850.60","84,894"
"03-Jun-2024","EQ","211.10","216.50","206.65","203.15","212.40","212.60","212.64","289.25","64.10","46,37,350","98,60,77,149.85","46,313"
"31-May-2024","EQ","208.00","210.70","201.35","207.35","203.70","203.15","204.07","289.25","64.10","38,43,161","78,42,71,295.85","39,857"
"30-May-2024","EQ","214.00","216.35","206.00","215.70","207.00","207.35","210.78","289.25","64.10","20,77,745","43,79,46,097.55","27,370"
"29-May-2024","EQ","212.70","216.35","210.25","213.90","216.20","215.70","214.56","289.25","64.10","26,02,678","55,84,28,559.50","32,125"
"28-May-2024","EQ","220.00","220.00","211.50","218.25","213.55","213.90","214.87","289.25","64.10","31,48,044","67,64,10,631.50","39,922"
"27-May-2024","EQ","220.60","222.50","216.20","218.65","218.65","218.25","219.19","289.25","64.10","42,99,274","94,23,37,970.90","41,094"
"24-May-2024","EQ","212.85","222.60","210.55","211.85","219.00","218.65","218.88","289.25","63.70","1,04,40,953","2,28,52,93,514.15","78,158"
"23-May-2024","EQ","210.30","216.80","210.10","209.60","212.40","211.85","213.32","289.25","63.70","43,15,317","92,05,26,417.80","41,544"
"22-May-2024","EQ","213.70","214.75","208.50","211.95","210.00","209.60","210.48","289.25","63.70","31,70,858","66,73,96,909.70","37,873"
"21-May-2024","EQ","214.00","216.45","210.00","213.75","212.35","211.95","213.18","289.25","63.70","36,67,361","78,18,00,109.25","37,018"
"18-May-2024","EQ","211.10","215.05","210.30","209.20","213.00","213.75","213.21","289.25","62.20","8,54,799","18,22,52,618.55","8,864"
"17-May-2024","EQ","210.00","211.30","207.30","208.70","209.15","209.20","209.37","289.25","62.20","32,68,675","68,43,53,829.05","32,436"
"16-May-2024","EQ","211.80","216.80","208.00","210.45","208.95","208.70","211.89","289.25","62.20","36,20,949","76,72,38,034.00","33,549"
"15-May-2024","EQ","210.60","213.65","209.65","209.95","210.05","210.45","211.50","289.25","62.20","35,90,719","75,94,33,845.85","41,012"
"14-May-2024","EQ","206.00","214.45","204.50","205.40","209.75","209.95","208.76","289.25","62.20","68,23,380","1,42,44,42,353.60","62,419"
"13-May-2024","EQ","210.80","210.80","199.50","210.55","205.45","205.40","203.85","289.25","62.20","59,39,153","1,21,06,85,783.45","66,096"
"10-May-2024","EQ","218.00","218.35","207.40","214.45","211.50","210.55","212.30","289.25","60.75","49,39,616","1,04,87,00,273.70","58,375"
"09-May-2024","EQ","222.00","222.65","213.15","221.75","214.95","214.45","216.77","289.25","60.75","33,80,710","73,28,27,553.65","43,513"
"08-May-2024","EQ","215.80","227.35","215.50","214.70","221.70","221.75","221.25","289.25","60.75","66,88,582","1,47,98,69,624.55","62,788"
"07-May-2024","EQ","231.15","233.90","214.00","229.05","215.50","214.70","221.77","289.25","60.75","80,75,118","1,79,08,32,326.55","89,178"
"06-May-2024","EQ","254.00","256.50","228.00","251.50","230.75","229.05","237.43","289.25","60.75","1,18,18,155","2,80,60,28,017.45","1,23,037"
"03-May-2024","EQ","255.35","258.60","248.00","254.05","250.45","251.50","253.02","289.25","60.30","57,41,569","1,45,27,35,531.45","54,794"
"02-May-2024","EQ","251.40","257.15","246.15","250.15","253.80","254.05","253.19","289.25","60.30","57,86,927","1,46,52,17,696.05","50,247"
"30-Apr-2024","EQ","251.75","259.90","248.00","250.45","249.40","250.15","254.48","289.25","60.30","70,59,373","1,79,64,57,858.85","56,073"
"29-Apr-2024","EQ","252.45","256.90","248.50","250.95","250.00","250.45","252.13","289.25","60.30","57,56,512","1,45,14,05,239.00","45,155"
"26-Apr-2024","EQ","251.10","259.20","245.65","250.05","250.90","250.95","252.84","289.25","53.00","1,37,78,089","3,48,37,05,884.90","92,077"
"25-Apr-2024","EQ","250.95","256.70","246.15","248.70","249.65","250.05","250.61","289.25","53.00","1,61,89,162","4,05,72,41,161.30","1,08,313"
"24-Apr-2024","EQ","226.25","253.70","225.10","224.55","247.85","248.70","245.62","289.25","53.00","3,98,49,649","9,78,76,88,980.75","2,69,200"
"23-Apr-2024","EQ","224.80","228.90","223.00","223.20","223.80","224.55","225.54","289.25","53.00","19,21,727","43,34,21,518.05","29,102"
"22-Apr-2024","EQ","229.00","230.00","222.35","227.00","223.90","223.20","225.67","289.25","53.00","21,97,288","49,58,60,112.25","25,321"
"19-Apr-2024","EQ","221.90","229.00","215.75","223.15","227.10","227.00","224.90","289.25","52.85","43,23,901","97,24,64,238.05","48,210"
"18-Apr-2024","EQ","225.40","233.70","221.80","225.40","223.60","223.15","228.56","289.25","52.85","32,14,220","73,46,42,849.90","36,136"
"16-Apr-2024","EQ","222.60","228.40","221.05","222.90","225.40","225.40","225.68","289.25","52.85","28,84,823","65,10,53,714.80","29,905"
"15-Apr-2024","EQ","217.80","229.80","209.10","221.90","223.50","222.90","221.66","289.25","52.85","74,22,162","1,64,52,28,717.55","74,819"
"12-Apr-2024","EQ","223.45","230.90","220.80","223.50","222.40","221.90","225.21","289.25","52.85","45,28,615","1,01,98,85,155.00","53,627"
"10-Apr-2024","EQ","227.25","229.40","222.40","227.20","223.25","223.50","225.37","289.25","52.85","24,05,692","54,21,71,063.90","30,496"
"09-Apr-2024","EQ","234.00","235.30","225.00","233.15","227.95","227.20","228.94","289.25","52.85","22,56,475","51,66,00,811.55","30,639"
"08-Apr-2024","EQ","240.30","241.35","232.35","238.25","233.50","233.15","235.99","289.25","52.85","24,31,771","57,38,85,333.65","27,720"
"05-Apr-2024","EQ","235.55","242.60","230.05","234.95","237.85","238.25","238.05","289.25","52.85","45,15,447","1,07,48,80,222.65","45,146"
"04-Apr-2024","EQ","239.00","239.80","232.50","237.70","235.75","234.95","235.30","289.25","52.85","22,84,008","53,74,21,998.85","18,639"
"03-Apr-2024","EQ","238.95","244.90","236.00","237.80","237.35","237.70","239.91","289.25","52.85","59,78,189","1,43,42,08,074.35","42,327"
"02-Apr-2024","EQ","231.20","239.90","231.00","228.75","238.20","237.80","236.45","289.25","52.85","73,70,309","1,74,27,33,334.35","52,865"
"01-Apr-2024","EQ","219.00","229.50","219.00","218.55","228.95","228.75","226.79","289.25","52.85","45,38,462","1,02,92,95,685.40","31,041"
"28-Mar-2024","EQ","219.70","222.60","216.70","219.70","218.65","218.55","219.20","289.25","49.75","24,80,435","54,37,14,458.95","21,704"
"27-Mar-2024","EQ","224.00","227.55","218.05","223.75","219.85","219.70","223.11","289.25","49.75","39,49,031","88,10,81,530.00","30,175"
"26-Mar-2024","EQ","222.50","230.40","217.80","221.45","223.00","223.75","224.98","289.25","49.75","71,48,180","1,60,82,21,471.45","49,274"
"22-Mar-2024","EQ","218.50","225.70","216.40","217.95","220.60","221.45","221.96","289.25","49.75","46,27,479","1,02,71,35,947.65","30,280"
"21-Mar-2024","EQ","221.35","226.00","216.30","218.80","218.00","217.95","220.45","289.25","49.75","42,41,829","93,51,10,745.05","40,482"
"20-Mar-2024","EQ","222.00","227.00","215.15","220.00","218.95","218.80","221.09","289.25","49.75","82,98,617","1,83,47,23,732.15","59,020"
"19-Mar-2024","EQ","212.85","232.20","209.05","211.90","219.50","220.00","222.91","289.25","49.75","1,65,35,076","3,68,57,98,347.10","1,10,360"
"18-Mar-2024","EQ","208.25","221.95","208.25","215.65","211.80","211.90","214.98","289.25","49.75","55,33,738","1,18,96,43,302.25","54,513"
"15-Mar-2024","EQ","207.50","218.50","196.65","207.90","216.00","215.65","209.23","289.25","49.75","87,57,494","1,83,23,33,717.95","69,050"
"14-Mar-2024","EQ","187.00","207.90","182.10","189.00","207.90","207.90","198.38","289.25","49.75","56,21,377","1,11,51,48,820.35","50,347"
"13-Mar-2024","EQ","210.00","214.20","189.00","210.00","189.00","189.00","199.32","289.25","49.75","55,64,331","1,10,90,61,805.45","56,097"
"12-Mar-2024","EQ","218.85","221.60","205.55","218.85","209.80","210.00","211.66","289.25","49.75","51,19,228","1,08,35,20,658.30","43,538"
"11-Mar-2024","EQ","233.70","234.45","217.00","233.20","219.20","218.85","224.40","289.25","49.75","30,25,137","67,88,47,602.45","33,335"
"07-Mar-2024","EQ","234.65","237.10","231.15","234.60","232.00","233.20","233.70","289.25","49.75","28,73,368","67,14,98,208.15","25,011"
"06-Mar-2024","EQ","239.85","243.70","228.25","239.70","235.35","234.60","235.13","289.25","49.75","43,97,666","1,03,40,40,158.45","38,614"
"05-Mar-2024","EQ","229.30","248.40","228.70","229.15","239.95","239.70","241.34","289.25","49.75","1,35,56,465","3,27,16,86,815.50","1,08,864"
"04-Mar-2024","EQ","234.05","234.40","226.05","233.10","229.30","229.15","229.13","289.25","49.75","30,67,083","70,27,67,493.00","29,039"
"02-Mar-2024","EQ","230.00","234.85","228.90","229.15","233.05","233.10","232.91","289.25","49.25","6,09,019","14,18,45,639.75","7,352"
"01-Mar-2024","EQ","230.40","237.90","228.05","227.80","229.00","229.15","232.52","289.25","49.25","40,75,258","94,75,76,435.10","35,869"
"29-Feb-2024","EQ","232.00","235.65","225.65","230.15","226.85","227.80","228.75","289.25","49.25","36,09,539","82,56,88,352.95","33,134"
"28-Feb-2024","EQ","236.00","251.40","228.00","235.60","232.00","230.15","240.96","289.25","49.25","1,19,76,447","2,88,58,48,946.95","1,00,715"
"27-Feb-2024","EQ","244.00","247.25","234.50","243.55","235.00","235.60","240.35","289.25","49.25","39,32,890","94,52,62,726.15","37,368"
"26-Feb-2024","EQ","246.10","251.25","236.60","245.85","242.00","243.55","244.44","289.25","49.25","59,13,775","1,44,55,49,958.70","53,002"
"23-Feb-2024","EQ","255.80","255.80","244.20","253.05","245.50","245.85","247.99","289.25","49.25","58,02,449","1,43,89,24,965.50","51,182"
"22-Feb-2024","EQ","256.80","259.90","242.75","252.20","251.00","253.05","252.22","289.25","49.25","1,04,44,602","2,63,43,77,875.25","84,733"
"21-Feb-2024","EQ","276.00","285.00","248.00","273.20","255.65","252.20","264.64","289.25","49.25","1,43,77,886","3,80,49,70,333.40","1,17,716"
"20-Feb-2024","EQ","286.90","286.90","268.55","286.10","273.90","273.20","274.74","289.25","49.25","1,32,75,282","3,64,72,88,687.40","1,16,603"
"19-Feb-2024","EQ","252.00","289.25","247.80","241.05","287.80","286.10","277.76","289.25","49.25","4,61,70,497","12,82,40,87,659.10","3,26,687"
"16-Feb-2024","EQ","239.70","248.65","231.05","244.40","240.35","241.05","240.29","248.65","49.25","3,53,32,362","8,49,01,77,866.40","2,53,584"
"15-Feb-2024","EQ","205.35","244.70","203.20","203.95","244.70","244.40","231.59","244.70","49.25","6,58,31,941","15,24,58,33,186.90","4,10,285"
"14-Feb-2024","EQ","178.00","209.00","176.75","182.70","204.50","203.95","199.62","209.00","49.25","2,13,64,386","4,26,47,33,091.10","1,53,659"
"13-Feb-2024","EQ","183.95","187.70","179.00","184.95","182.35","182.70","183.01","206.80","49.25","30,48,091","55,78,25,976.60","34,409"
"12-Feb-2024","EQ","188.70","195.15","174.65","189.60","185.25","184.95","185.98","206.80","49.25","91,04,566","1,69,32,42,285.75","97,006"
"09-Feb-2024","EQ","200.85","202.00","176.65","200.85","188.50","189.60","187.39","206.80","49.25","71,16,572","1,33,35,55,144.55","84,453"
"08-Feb-2024","EQ","203.80","206.80","198.50","202.60","201.50","200.85","202.70","206.80","49.25","45,96,283","93,16,71,045.85","47,458"
"07-Feb-2024","EQ","195.40","203.70","195.40","194.10","201.90","202.60","200.31","206.35","49.25","78,60,261","1,57,44,56,473.75","61,606"
"06-Feb-2024","EQ","198.25","198.85","187.85","197.00","195.40","194.10","192.91","206.35","49.25","63,03,984","1,21,61,00,648.85","59,827"
"05-Feb-2024","EQ","193.15","206.35","192.50","191.60","196.50","197.00","200.12","206.35","49.25","1,49,70,646","2,99,59,60,301.85","1,19,808"
"02-Feb-2024","EQ","181.00","198.80","180.00","178.65","191.75","191.60","191.49","198.80","49.25","2,18,39,790","4,18,21,11,013.35","1,48,724"
"01-Feb-2024","EQ","178.40","182.35","176.00","177.05","178.70","178.65","179.08","186.00","49.25","39,64,871","71,00,37,219.10","35,885"
"31-Jan-2024","EQ","179.30","180.70","176.00","179.30","177.45","177.05","177.66","186.00","49.25","18,77,284","33,35,18,364.55","20,911"
"30-Jan-2024","EQ","181.05","184.10","176.65","179.60","179.00","179.30","180.52","186.00","49.25","48,30,130","87,19,13,806.95","41,506"
"29-Jan-2024","EQ","175.45","184.25","173.00","174.40","179.70","179.60","179.86","186.00","49.25","1,02,62,174","1,84,57,11,552.35","65,942"
"25-Jan-2024","EQ","171.65","177.55","171.25","171.75","174.00","174.40","174.89","186.00","49.25","32,70,472","57,19,61,861.65","30,457"
"24-Jan-2024","EQ","170.90","173.50","165.95","170.90","171.35","171.75","171.17","186.00","49.25","35,19,120","60,23,61,233.20","33,569"
"23-Jan-2024","EQ","169.80","178.90","160.55","174.90","170.55","170.90","169.68","186.00","49.25","1,20,34,231","2,04,20,16,462.50","86,207"
"20-Jan-2024","EQ","178.20","178.70","173.00","177.00","174.00","174.90","176.08","186.00","49.25","21,09,506","37,14,45,175.75","18,312"
"19-Jan-2024","EQ","180.00","181.40","175.55","177.60","175.70","177.00","177.87","186.00","49.25","73,52,246","1,30,77,74,260.25","51,711"
"18-Jan-2024","EQ","171.20","179.75","164.00","171.20","177.90","177.60","173.48","186.00","49.25","88,65,480","1,53,79,46,024.40","60,350"
"17-Jan-2024","EQ","171.05","176.60","168.35","174.05","171.35","171.20","172.53","186.00","49.25","69,00,079","1,19,04,80,573.35","45,558"
"16-Jan-2024","EQ","171.00","179.50","169.35","169.30","174.45","174.05","174.37","186.00","49.25","1,46,06,264","2,54,69,39,652.45","92,918"
"15-Jan-2024","EQ","162.30","186.00","162.25","159.30","169.90","169.30","175.60","186.00","49.25","2,94,27,230","5,16,75,39,864.65","1,62,978"
"12-Jan-2024","EQ","163.50","164.45","156.50","160.60","159.40","159.30","160.54","164.45","49.25","2,37,94,037","3,81,97,82,440.15","1,16,384"
"11-Jan-2024","EQ","134.25","161.00","134.25","134.20","161.00","160.60","154.09","161.00","49.25","6,06,37,503","9,34,33,46,107.10","2,12,203"
"10-Jan-2024","EQ","134.90","135.00","131.55","134.00","134.20","134.20","133.54","137.70","49.25","20,68,651","27,62,46,671.25","13,518"
"09-Jan-2024","EQ","134.15","135.70","133.50","133.90","134.05","134.00","134.34","137.70","49.25","12,55,731","16,86,90,465.65","9,557"
"08-Jan-2024","EQ","134.20","135.30","132.90","134.15","134.35","133.90","133.99","137.70","49.25","15,58,019","20,87,54,775.00","15,810"
"05-Jan-2024","EQ","134.30","137.70","133.30","134.25","134.15","134.15","135.15","137.70","49.25","35,28,932","47,69,25,826.65","21,378"
"04-Jan-2024","EQ","132.75","134.75","131.55","132.75","134.30","134.25","133.71","136.00","49.25","18,80,372","25,14,23,466.75","12,459"
"03-Jan-2024","EQ","129.65","133.50","129.10","129.55","132.60","132.75","132.03","136.00","49.25","30,09,841","39,73,97,779.20","20,806"
"02-Jan-2024","EQ","132.60","133.20","128.00","132.75","130.00","129.55","130.05","136.00","49.25","28,36,841","36,89,32,572.30","17,927"
"01-Jan-2024","EQ","133.40","134.20","132.40","133.15","132.65","132.75","133.12","136.00","49.25","13,84,128","18,42,49,604.45","9,415"
"29-Dec-2023","EQ","133.00","136.00","130.20","133.20","132.60","133.15","133.65","136.00","49.25","29,30,967","39,17,22,663.60","18,756"
"28-Dec-2023","EQ","131.20","135.95","131.00","131.10","133.00","133.20","133.85","135.95","49.25","91,71,079","1,22,75,91,593.15","41,719"
"27-Dec-2023","EQ","129.50","132.35","129.50","129.70","131.05","131.10","131.04","135.40","49.25","34,44,078","45,13,01,875.95","17,183"
"26-Dec-2023","EQ","130.50","131.90","128.60","129.95","129.70","129.70","129.72","135.40","49.25","21,17,864","27,47,21,533.25","11,451"
"22-Dec-2023","EQ","125.40","133.40","125.40","124.25","129.95","129.95","130.57","135.40","49.25","73,79,967","96,36,31,757.65","40,648"
"21-Dec-2023","EQ","123.00","125.15","118.80","123.70","123.50","124.25","123.52","135.40","49.25","47,77,635","59,01,18,176.10","22,385"
"20-Dec-2023","EQ","132.25","135.40","122.25","131.25","122.25","123.70","130.76","135.40","49.25","78,36,734","1,02,47,12,362.60","39,664"
"19-Dec-2023","EQ","129.30","134.75","129.00","127.40","131.20","131.25","132.15","134.75","49.25","73,12,611","96,63,33,868.30","33,788"
"18-Dec-2023","EQ","129.60","129.60","127.20","129.60","127.50","127.40","127.91","132.80","49.25","16,81,094","21,50,31,862.70","8,800"
"15-Dec-2023","EQ","130.70","132.40","129.15","129.70","129.50","129.60","130.40","132.80","49.25","31,28,877","40,79,95,304.05","15,746"
"14-Dec-2023","EQ","127.85","131.85","127.50","126.55","129.75","129.70","129.68","132.80","49.25","52,21,152","67,70,54,295.85","24,307"
"13-Dec-2023","EQ","127.45","128.30","126.00","126.75","126.80","126.55","127.01","132.80","49.25","19,87,097","25,23,86,433.80","10,331"
"12-Dec-2023","EQ","127.00","128.30","125.55","126.65","126.60","126.75","127.10","132.80","49.25","25,03,634","31,82,21,582.60","15,057"
"11-Dec-2023","EQ","128.25","129.00","126.05","127.95","127.25","126.65","127.64","132.80","49.25","23,54,633","30,05,53,631.85","11,565"
"08-Dec-2023","EQ","130.30","131.70","124.50","129.90","127.85","127.95","129.10","132.80","49.25","43,47,652","56,12,98,519.55","20,837"
"07-Dec-2023","EQ","126.25","132.80","126.25","125.40","129.50","129.90","130.30","132.80","49.25","1,07,96,183","1,40,67,39,177.05","48,174"
"06-Dec-2023","EQ","125.90","126.55","124.00","124.90","125.95","125.40","125.46","128.65","49.25","30,07,773","37,73,40,561.70","16,868"
"05-Dec-2023","EQ","126.40","126.70","122.30","125.20","124.65","124.90","124.64","128.65","49.25","39,87,357","49,69,74,186.10","18,363"
"04-Dec-2023","EQ","123.50","128.65","123.25","121.80","125.00","125.20","125.88","128.65","49.25","84,30,708","1,06,12,26,911.20","39,351"
"01-Dec-2023","EQ","122.25","125.50","121.40","121.30","121.50","121.80","123.67","126.15","49.25","50,13,219","61,99,99,793.75","25,656"